{
  "name": "M5Stack_TreeView",
  "description": "TreeView Menu UI for M5Stack",
  "keywords": "treeview, m5stack, esp32",
  "authors": {
    "name": "lovyan03",
    "url": "https://github.com/lovyan03",
    "maintainer": true
  },
  "repository": {
    "type": "git",
    "url": "https://github.com/lovyan03/M5Stack_TreeView"
  },
  "dependencies": {
  	"name": "M5Stack"
  },
  "version": "0.2.12",
  "framework": "arduino",
  "platforms": "espressif32",
  "build": {
    "libArchive": false
  }
}
